Workbook

Sheet Data
A1: cardID | B1: name | C1: レアリティ | D1: rarityID | E1: テーマ | F1: themeID | G1: 対応役 | H1: suportRoleID | I1: 種族1 | J1: FirstRaceID | K1: 種族2 | L1: SecondRaceID | M1: 種族3 | N1: ThildRaceID | O1: SIZE | P1: ATK | Q1: HP | R1: カードタイプ | S1: CardType | T1: ability
A2: 101 | B2: =_xlfn.XLOOKUP(A2,Name!A:A,Name!B:B,"") -> RG:ISUKA LV1 | C2: LR | D2: =_xlfn.XLOOKUP(C2,Rarity!$B$2:$B$6,Rarity!$A$2:$A$6,"") -> 4 | E2: ロボ | F2: =_xlfn.XLOOKUP(E2,Theme!$B$2:$B$6,Theme!$A$2:$A$6,"") -> 1 | G2: スイカ | H2: =_xlfn.XLOOKUP(G2,Koyaku!B$2:B$9,Koyaku!A$2:A$9,"",FALSE) -> 5 | I2: ロボ | J2: =_xlfn.XLOOKUP(I2,Race!B$2:B$5,Race!A$2:A$5,FALSE) -> 1 | K2: 戦士 | L2: =_xlfn.XLOOKUP(K2,Race!B$2:B$5,Race!A$2:A$5,FALSE) -> 2 | M2: なし | N2: =_xlfn.XLOOKUP(M2,Race!B$2:B$5,Race!A$2:A$5,FALSE) -> -1 | O2: =_xlfn.XLOOKUP(A2,Status!A:A,Status!B:B,"") -> 2 | P2: =_xlfn.XLOOKUP(A2,Status!A:A,Status!C:C,"") -> 4 | Q2: =_xlfn.XLOOKUP(A2,Status!A:A,Status!D:D,"") -> 11 | R2: モンスター | S2: =_xlfn.XLOOKUP(R2,Type!$B$2:$B$20,Type!$A$2:$A$20,"") -> 0 | T2: =_xlfn.XLOOKUP(A2,Ability!A:A,Ability!B:B,"") -> ①召喚時、手札を1枚捨ててもよい。そうしたら山札の上から5枚見て、種族に「ロボ」を含むカードを１枚手札に加える。 ②レベルアップ
A3: 102 | B3: =_xlfn.XLOOKUP(A3,Name!A:A,Name!B:B,"") -> RG:ISUKA LV2 | C3: NULL | D3: =_xlfn.XLOOKUP(C3,Rarity!$B$2:$B$6,Rarity!$A$2:$A$6,"") -> -1 | E3: ロボ | F3: =_xlfn.XLOOKUP(E3,Theme!$B$2:$B$6,Theme!$A$2:$A$6,"") -> 1 | G3: スイカ | H3: =_xlfn.XLOOKUP(G3,Koyaku!B$2:B$9,Koyaku!A$2:A$9,"",FALSE) -> 5 | I3: ロボ | J3: =_xlfn.XLOOKUP(I3,Race!B$2:B$5,Race!A$2:A$5,FALSE) -> 1 | K3: 戦士 | L3: =_xlfn.XLOOKUP(K3,Race!B$2:B$5,Race!A$2:A$5,FALSE) -> 2 | M3: なし | N3: =_xlfn.XLOOKUP(M3,Race!B$2:B$5,Race!A$2:A$5,FALSE) -> -1 | O3: =_xlfn.XLOOKUP(A3,Status!A:A,Status!B:B,"") -> 2 | P3: =_xlfn.XLOOKUP(A3,Status!A:A,Status!C:C,"") -> 6 | Q3: =_xlfn.XLOOKUP(A3,Status!A:A,Status!D:D,"") -> 14 | R3: モンスター | S3: =_xlfn.XLOOKUP(R3,Type!$B$2:$B$20,Type!$A$2:$A$20,"") -> 0 | T3: =_xlfn.XLOOKUP(A3,Ability!A:A,Ability!B:B,"") -> ①ターン終了時プレイヤーのHPを2回復する。 ②このモンスターが攻撃を受けた時このモンスターのHPを1回復する。 ③レベルアップ
A4: 103 | B4: =_xlfn.XLOOKUP(A4,Name!A:A,Name!B:B,"") -> RG:ISUKA LV3 | C4: NULL | D4: =_xlfn.XLOOKUP(C4,Rarity!$B$2:$B$6,Rarity!$A$2:$A$6,"") -> -1 | E4: ロボ | F4: =_xlfn.XLOOKUP(E4,Theme!$B$2:$B$6,Theme!$A$2:$A$6,"") -> 1 | G4: スイカ | H4: =_xlfn.XLOOKUP(G4,Koyaku!B$2:B$9,Koyaku!A$2:A$9,"",FALSE) -> 5 | I4: ロボ | J4: =_xlfn.XLOOKUP(I4,Race!B$2:B$5,Race!A$2:A$5,FALSE) -> 1 | K4: 戦士 | L4: =_xlfn.XLOOKUP(K4,Race!B$2:B$5,Race!A$2:A$5,FALSE) -> 2 | M4: なし | N4: =_xlfn.XLOOKUP(M4,Race!B$2:B$5,Race!A$2:A$5,FALSE) -> -1 | O4: =_xlfn.XLOOKUP(A4,Status!A:A,Status!B:B,"") -> 2 | P4: =_xlfn.XLOOKUP(A4,Status!A:A,Status!C:C,"") -> 8 | Q4: =_xlfn.XLOOKUP(A4,Status!A:A,Status!D:D,"") -> 17 | R4: モンスター | S4: =_xlfn.XLOOKUP(R4,Type!$B$2:$B$20,Type!$A$2:$A$20,"") -> 0 | T4: =_xlfn.XLOOKUP(A4,Ability!A:A,Ability!B:B,"") -> ①このモンスターが攻撃を受けた時このモンスターのatkを1上昇する。 ②このモンスターの対応役成立時、自分フィールドのモンスター全てと自分のHPを1回復する。 ③このモンスターは効果で破壊されない ④アスリート
A5: 104 | B5: =_xlfn.XLOOKUP(A5,Name!A:A,Name!B:B,"") -> RG:REACHE Lv.1 | C5: LR | D5: =_xlfn.XLOOKUP(C5,Rarity!$B$2:$B$6,Rarity!$A$2:$A$6,"") -> 4 | E5: ロボ | F5: =_xlfn.XLOOKUP(E5,Theme!$B$2:$B$6,Theme!$A$2:$A$6,"") -> 1 | G5: チェリー | H5: =_xlfn.XLOOKUP(G5,Koyaku!B$2:B$9,Koyaku!A$2:A$9,"",FALSE) -> 3 | I5: ロボ | J5: =_xlfn.XLOOKUP(I5,Race!B$2:B$5,Race!A$2:A$5,FALSE) -> 1 | K5: 戦士 | L5: =_xlfn.XLOOKUP(K5,Race!B$2:B$5,Race!A$2:A$5,FALSE) -> 2 | M5: なし | N5: =_xlfn.XLOOKUP(M5,Race!B$2:B$5,Race!A$2:A$5,FALSE) -> -1 | O5: =_xlfn.XLOOKUP(A5,Status!A:A,Status!B:B,"") -> 2 | P5: =_xlfn.XLOOKUP(A5,Status!A:A,Status!C:C,"") -> 5 | Q5: =_xlfn.XLOOKUP(A5,Status!A:A,Status!D:D,"") -> 10 | R5: モンスター | S5: =_xlfn.XLOOKUP(R5,Type!$B$2:$B$20,Type!$A$2:$A$20,"") -> 0 | T5: =_xlfn.XLOOKUP(A5,Ability!A:A,Ability!B:B,"") -> ①召喚時、相手プレイヤーか相手モンスター1体に2ダメージ。 ②ターン終了時、山札の上から3枚を見てスペルを1枚手札に加える。 ③アスリート ④レベルアップ
A6: 105 | B6: =_xlfn.XLOOKUP(A6,Name!A:A,Name!B:B,"") -> RG:REACHE Lv.2 | C6: NULL | D6: =_xlfn.XLOOKUP(C6,Rarity!$B$2:$B$6,Rarity!$A$2:$A$6,"") -> -1 | E6: ロボ | F6: =_xlfn.XLOOKUP(E6,Theme!$B$2:$B$6,Theme!$A$2:$A$6,"") -> 1 | G6: チェリー | H6: =_xlfn.XLOOKUP(G6,Koyaku!B$2:B$9,Koyaku!A$2:A$9,"",FALSE) -> 3 | I6: ロボ | J6: =_xlfn.XLOOKUP(I6,Race!B$2:B$5,Race!A$2:A$5,FALSE) -> 1 | K6: 戦士 | L6: =_xlfn.XLOOKUP(K6,Race!B$2:B$5,Race!A$2:A$5,FALSE) -> 2 | M6: なし | N6: =_xlfn.XLOOKUP(M6,Race!B$2:B$5,Race!A$2:A$5,FALSE) -> -1 | O6: =_xlfn.XLOOKUP(A6,Status!A:A,Status!B:B,"") -> 2 | P6: =_xlfn.XLOOKUP(A6,Status!A:A,Status!C:C,"") -> 8 | Q6: =_xlfn.XLOOKUP(A6,Status!A:A,Status!D:D,"") -> 12 | R6: モンスター | S6: =_xlfn.XLOOKUP(R6,Type!$B$2:$B$20,Type!$A$2:$A$20,"") -> 0 | T6: =_xlfn.XLOOKUP(A6,Ability!A:A,Ability!B:B,"") -> ①ターン開始時、相手のすべてのモンスターに1ダメージ与える。 ②ターン終了時、相手のランダムなモンスターに3ダメージ与える。 ③アスリート ④レベルアップ
A7: 106 | B7: =_xlfn.XLOOKUP(A7,Name!A:A,Name!B:B,"") -> RG:REACHE Lv.3 | C7: NULL | D7: =_xlfn.XLOOKUP(C7,Rarity!$B$2:$B$6,Rarity!$A$2:$A$6,"") -> -1 | E7: ロボ | F7: =_xlfn.XLOOKUP(E7,Theme!$B$2:$B$6,Theme!$A$2:$A$6,"") -> 1 | G7: チェリー | H7: =_xlfn.XLOOKUP(G7,Koyaku!B$2:B$9,Koyaku!A$2:A$9,"",FALSE) -> 3 | I7: ロボ | J7: =_xlfn.XLOOKUP(I7,Race!B$2:B$5,Race!A$2:A$5,FALSE) -> 1 | K7: 戦士 | L7: =_xlfn.XLOOKUP(K7,Race!B$2:B$5,Race!A$2:A$5,FALSE) -> 2 | M7: なし | N7: =_xlfn.XLOOKUP(M7,Race!B$2:B$5,Race!A$2:A$5,FALSE) -> -1 | O7: =_xlfn.XLOOKUP(A7,Status!A:A,Status!B:B,"") -> 2 | P7: =_xlfn.XLOOKUP(A7,Status!A:A,Status!C:C,"") -> 10 | Q7: =_xlfn.XLOOKUP(A7,Status!A:A,Status!D:D,"") -> 15 | R7: モンスター | S7: =_xlfn.XLOOKUP(R7,Type!$B$2:$B$20,Type!$A$2:$A$20,"") -> 0 | T7: =_xlfn.XLOOKUP(A7,Ability!A:A,Ability!B:B,"") -> ①ターン開始時、自分のモンスターを1体選ぶ。このターンそのモンスターのatkを+3する。 ②対応役成立時、カードを1枚引く。 ③このモンスターは効果で破壊されない。 ④アスリート
A8: 107 | B8: =_xlfn.XLOOKUP(A8,Name!A:A,Name!B:B,"") -> RG:BELL | C8: N | D8: =_xlfn.XLOOKUP(C8,Rarity!$B$2:$B$6,Rarity!$A$2:$A$6,"") -> 1 | E8: ロボ | F8: =_xlfn.XLOOKUP(E8,Theme!$B$2:$B$6,Theme!$A$2:$A$6,"") -> 1 | G8: ベル | H8: =_xlfn.XLOOKUP(G8,Koyaku!B$2:B$9,Koyaku!A$2:A$9,"",FALSE) -> 4 | I8: ロボ | J8: =_xlfn.XLOOKUP(I8,Race!B$2:B$5,Race!A$2:A$5,FALSE) -> 1 | K8: 戦士 | L8: =_xlfn.XLOOKUP(K8,Race!B$2:B$5,Race!A$2:A$5,FALSE) -> 2 | M8: なし | N8: =_xlfn.XLOOKUP(M8,Race!B$2:B$5,Race!A$2:A$5,FALSE) -> -1 | O8: =_xlfn.XLOOKUP(A8,Status!A:A,Status!B:B,"") -> 2 | P8: =_xlfn.XLOOKUP(A8,Status!A:A,Status!C:C,"") -> 2 | Q8: =_xlfn.XLOOKUP(A8,Status!A:A,Status!D:D,"") -> 4 | R8: モンスター | S8: =_xlfn.XLOOKUP(R8,Type!$B$2:$B$20,Type!$A$2:$A$20,"") -> 0 | T8: =_xlfn.XLOOKUP(A8,Ability!A:A,Ability!B:B,"") -> ①ターゲット集中
A9: 108 | B9: =_xlfn.XLOOKUP(A9,Name!A:A,Name!B:B,"") -> RG:REI | C9: N | D9: =_xlfn.XLOOKUP(C9,Rarity!$B$2:$B$6,Rarity!$A$2:$A$6,"") -> 1 | E9: ロボ | F9: =_xlfn.XLOOKUP(E9,Theme!$B$2:$B$6,Theme!$A$2:$A$6,"") -> 1 | G9: リプレイ | H9: =_xlfn.XLOOKUP(G9,Koyaku!B$2:B$9,Koyaku!A$2:A$9,"",FALSE) -> 2 | I9: ロボ | J9: =_xlfn.XLOOKUP(I9,Race!B$2:B$5,Race!A$2:A$5,FALSE) -> 1 | K9: 戦士 | L9: =_xlfn.XLOOKUP(K9,Race!B$2:B$5,Race!A$2:A$5,FALSE) -> 2 | M9: なし | N9: =_xlfn.XLOOKUP(M9,Race!B$2:B$5,Race!A$2:A$5,FALSE) -> -1 | O9: =_xlfn.XLOOKUP(A9,Status!A:A,Status!B:B,"") -> 2 | P9: =_xlfn.XLOOKUP(A9,Status!A:A,Status!C:C,"") -> 6 | Q9: =_xlfn.XLOOKUP(A9,Status!A:A,Status!D:D,"") -> 10 | R9: モンスター | S9: =_xlfn.XLOOKUP(R9,Type!$B$2:$B$20,Type!$A$2:$A$20,"") -> 0 | T9: =_xlfn.XLOOKUP(A9,Ability!A:A,Ability!B:B,"") -> ①召喚時ランダムな敵に2ダメージ ②アスリート
A10: 109 | B10: =_xlfn.XLOOKUP(A10,Name!A:A,Name!B:B,"") -> RG:LANK | C10: R | D10: =_xlfn.XLOOKUP(C10,Rarity!$B$2:$B$6,Rarity!$A$2:$A$6,"") -> 2 | E10: ロボ | F10: =_xlfn.XLOOKUP(E10,Theme!$B$2:$B$6,Theme!$A$2:$A$6,"") -> 1 | G10: ハズレ | H10: =_xlfn.XLOOKUP(G10,Koyaku!B$2:B$9,Koyaku!A$2:A$9,"",FALSE) -> 1 | I10: ロボ | J10: =_xlfn.XLOOKUP(I10,Race!B$2:B$5,Race!A$2:A$5,FALSE) -> 1 | K10: 戦士 | L10: =_xlfn.XLOOKUP(K10,Race!B$2:B$5,Race!A$2:A$5,FALSE) -> 2 | M10: なし | N10: =_xlfn.XLOOKUP(M10,Race!B$2:B$5,Race!A$2:A$5,FALSE) -> -1 | O10: =_xlfn.XLOOKUP(A10,Status!A:A,Status!B:B,"") -> 2 | P10: =_xlfn.XLOOKUP(A10,Status!A:A,Status!C:C,"") -> 4 | Q10: =_xlfn.XLOOKUP(A10,Status!A:A,Status!D:D,"") -> 10 | R10: モンスター | S10: =_xlfn.XLOOKUP(R10,Type!$B$2:$B$20,Type!$A$2:$A$20,"") -> 0 | T10: =_xlfn.XLOOKUP(A10,Ability!A:A,Ability!B:B,"") -> ①ターン終了時、カードを1枚引く。
A11: 110 | B11: =_xlfn.XLOOKUP(A11,Name!A:A,Name!B:B,"") -> Raymond Blank | C11: SR | D11: =_xlfn.XLOOKUP(C11,Rarity!$B$2:$B$6,Rarity!$A$2:$A$6,"") -> 3 | E11: ロボ | F11: =_xlfn.XLOOKUP(E11,Theme!$B$2:$B$6,Theme!$A$2:$A$6,"") -> 1 | G11: ハズレ | H11: =_xlfn.XLOOKUP(G11,Koyaku!B$2:B$9,Koyaku!A$2:A$9,"",FALSE) -> 1 | I11: ロボ | J11: =_xlfn.XLOOKUP(I11,Race!B$2:B$5,Race!A$2:A$5,FALSE) -> 1 | K11: 人 | L11: =_xlfn.XLOOKUP(K11,Race!B$2:B$5,Race!A$2:A$5,FALSE) -> 3 | M11: なし | N11: =_xlfn.XLOOKUP(M11,Race!B$2:B$5,Race!A$2:A$5,FALSE) -> -1 | O11: =_xlfn.XLOOKUP(A11,Status!A:A,Status!B:B,"") -> 1 | P11: =_xlfn.XLOOKUP(A11,Status!A:A,Status!C:C,"") -> 3 | Q11: =_xlfn.XLOOKUP(A11,Status!A:A,Status!D:D,"") -> 8 | R11: モンスター | S11: =_xlfn.XLOOKUP(R11,Type!$B$2:$B$20,Type!$A$2:$A$20,"") -> 0 | T11: =_xlfn.XLOOKUP(A11,Ability!A:A,Ability!B:B,"") -> ①召喚時デッキの上から3枚を見て、その中から「ロボ」モンスターを全て手札に加える。(この効果は各ターン1度しか発動しない。)
A12: 111 | B12: =_xlfn.XLOOKUP(A12,Name!A:A,Name!B:B,"") -> RG:IRIS | C12: NULL | D12: =_xlfn.XLOOKUP(C12,Rarity!$B$2:$B$6,Rarity!$A$2:$A$6,"") -> -1 | E12: ロボ | F12: =_xlfn.XLOOKUP(E12,Theme!$B$2:$B$6,Theme!$A$2:$A$6,"") -> 1 | G12: チェリー/スイカ | H12: =_xlfn.XLOOKUP(G12,Koyaku!B$2:B$9,Koyaku!A$2:A$9,"",FALSE) -> 7 | I12: ロボ | J12: =_xlfn.XLOOKUP(I12,Race!B$2:B$5,Race!A$2:A$5,FALSE) -> 1 | K12: 戦士 | L12: =_xlfn.XLOOKUP(K12,Race!B$2:B$5,Race!A$2:A$5,FALSE) -> 2 | M12: なし | N12: =_xlfn.XLOOKUP(M12,Race!B$2:B$5,Race!A$2:A$5,FALSE) -> -1 | O12: =_xlfn.XLOOKUP(A12,Status!A:A,Status!B:B,"") -> 4 | P12: =_xlfn.XLOOKUP(A12,Status!A:A,Status!C:C,"") -> 10 | Q12: =_xlfn.XLOOKUP(A12,Status!A:A,Status!D:D,"") -> 30 | R12: モンスター | S12: =_xlfn.XLOOKUP(R12,Type!$B$2:$B$20,Type!$A$2:$A$20,"") -> 0 | T12: =_xlfn.XLOOKUP(A12,Ability!A:A,Ability!B:B,"") -> ①召喚時、自分のモンスターのHPを全回復する。 ②対応役成立時、このターンこのモンスターのatkを+5する。 ③このモンスターは効果で破壊されない ④アスリート
A13: 112 | B13: =_xlfn.XLOOKUP(A13,Name!A:A,Name!B:B,"") -> RG:REICHELS | C13: NULL | D13: =_xlfn.XLOOKUP(C13,Rarity!$B$2:$B$6,Rarity!$A$2:$A$6,"") -> -1 | E13: ロボ | F13: =_xlfn.XLOOKUP(E13,Theme!$B$2:$B$6,Theme!$A$2:$A$6,"") -> 1 | G13: 全て | H13: =_xlfn.XLOOKUP(G13,Koyaku!B$2:B$9,Koyaku!A$2:A$9,"",FALSE) -> 6 | I13: ロボ | J13: =_xlfn.XLOOKUP(I13,Race!B$2:B$5,Race!A$2:A$5,FALSE) -> 1 | K13: 戦士 | L13: =_xlfn.XLOOKUP(K13,Race!B$2:B$5,Race!A$2:A$5,FALSE) -> 2 | M13: なし | N13: =_xlfn.XLOOKUP(M13,Race!B$2:B$5,Race!A$2:A$5,FALSE) -> -1 | O13: =_xlfn.XLOOKUP(A13,Status!A:A,Status!B:B,"") -> 6 | P13: =_xlfn.XLOOKUP(A13,Status!A:A,Status!C:C,"") -> 20 | Q13: =_xlfn.XLOOKUP(A13,Status!A:A,Status!D:D,"") -> 0 | R13: モンスター | S13: =_xlfn.XLOOKUP(R13,Type!$B$2:$B$20,Type!$A$2:$A$20,"") -> 0 | T13: =_xlfn.XLOOKUP(A13,Ability!A:A,Ability!B:B,"") -> ①相手のターン中このモンスターのatkは∞になる。 ②このモンスターは離れない。 ③アスリート ④反撃
... A23: 122 | B23: =_xlfn.XLOOKUP(A23,Name!A:A,Name!B:B,"") -> PERFECT STOP | C23: R | D23: =_xlfn.XLOOKUP(C23,Rarity!$B$2:$B$6,Rarity!$A$2:$A$6,"") -> 2 | E23: ロボ | F23: =_xlfn.XLOOKUP(E23,Theme!$B$2:$B$6,Theme!$A$2:$A$6,"") -> 1 | G23: NULL | H23: =_xlfn.XLOOKUP(G23,Koyaku!B$2:B$9,Koyaku!A$2:A$9,"",FALSE) -> 0 | I23: ロボ | J23: =_xlfn.XLOOKUP(I23,Race!B$2:B$5,Race!A$2:A$5,FALSE) -> 1 | K23: なし | L23: =_xlfn.XLOOKUP(K23,Race!B$2:B$5,Race!A$2:A$5,FALSE) -> -1 | M23: なし | N23: =_xlfn.XLOOKUP(M23,Race!B$2:B$5,Race!A$2:A$5,FALSE) -> -1 | O23: =_xlfn.XLOOKUP(A23,Status!A:A,Status!B:B,"") -> -1 | P23: =_xlfn.XLOOKUP(A23,Status!A:A,Status!C:C,"") -> -1 | Q23: =_xlfn.XLOOKUP(A23,Status!A:A,Status!D:D,"") -> -1 | R23: スペル | S23: =_xlfn.XLOOKUP(R23,Type!$B$2:$B$20,Type!$A$2:$A$20,"") -> 1 | T23: =_xlfn.XLOOKUP(A23,Ability!A:A,Ability!B:B,"") -> 相手のすべてのモンスターに2ダメージを与える
A24: 201 | F24: =_xlfn.XLOOKUP(E24,Theme!$B$2:$B$6,Theme!$A$2:$A$6,"") -> 3
A25: 202 | F25: =_xlfn.XLOOKUP(E25,Theme!$B$2:$B$6,Theme!$A$2:$A$6,"") -> 3
A26: 203 | F26: =_xlfn.XLOOKUP(E26,Theme!$B$2:$B$6,Theme!$A$2:$A$6,"") -> 3
A27: 204 | F27: =_xlfn.XLOOKUP(E27,Theme!$B$2:$B$6,Theme!$A$2:$A$6,"") -> 3
A28: 205 | F28: =_xlfn.XLOOKUP(E28,Theme!$B$2:$B$6,Theme!$A$2:$A$6,"") -> 3
A29: 206 | F29: =_xlfn.XLOOKUP(E29,Theme!$B$2:$B$6,Theme!$A$2:$A$6,"") -> 3
A30: 207 | F30: =_xlfn.XLOOKUP(E30,Theme!$B$2:$B$6,Theme!$A$2:$A$6,"") -> 3

Sheet Type
A1: ID | B1: Type
A2: 0 | B2: モンスター
A3: 1 | B3: スペル

Sheet Name
A1: cardID | B1: Name
A2: =Data!A2 -> 101 | B2: RG:ISUKA LV1
A3: =Data!A3 -> 102 | B3: RG:ISUKA LV2
A4: =Data!A4 -> 103 | B4: RG:ISUKA LV3
A5: =Data!A5 -> 104 | B5: RG:REACHE Lv.1
A6: =Data!A6 -> 105 | B6: RG:REACHE Lv.2
A7: =Data!A7 -> 106 | B7: RG:REACHE Lv.3
A8: =Data!A8 -> 107 | B8: RG:BELL
A9: =Data!A9 -> 108 | B9: RG:REI
A10: =Data!A10 -> 109 | B10: RG:LANK
A11: =Data!A11 -> 110 | B11: Raymond Blank
A12: =Data!A12 -> 111 | B12: RG:IRIS
A13: =Data!A13 -> 112 | B13: RG:REICHELS
... A23: =Data!A23 -> 122 | B23: PERFECT STOP
A24: =Data!A24 -> 201
A25: =Data!A25 -> 202
A26: =Data!A26 -> 203
A27: =Data!A27 -> 204
A28: =Data!A28 -> 205
A29: =Data!A29 -> 206
A30: =Data!A30 -> 207

Sheet Rarity
A1: ID | B1: Rarity
A2: 1 | B2: N
A3: 2 | B3: R
A4: 3 | B4: SR
A5: 4 | B5: LR
A6: -1 | B6: NULL

Sheet Theme
A1: ID | B1: Theme
A2: 1 | B2: ロボ
A3: 2 | B3: 幻妖
A4: 3
A5: 4
A6: 5

Sheet Ability
A1: cardID | B1: abitity
A2: =Data!A2 -> 101 | B2: ①召喚時、手札を1枚捨ててもよい。そうしたら山札の上から5枚見て、種族に「ロボ」を含むカードを１枚手札に加える。 ②レベルアップ
A3: =Data!A3 -> 102 | B3: ①ターン終了時プレイヤーのHPを2回復する。 ②このモンスターが攻撃を受けた時このモンスターのHPを1回復する。 ③レベルアップ
A4: =Data!A4 -> 103 | B4: ①このモンスターが攻撃を受けた時このモンスターのatkを1上昇する。 ②このモンスターの対応役成立時、自分フィールドのモンスター全てと自分のHPを1回復する。 ③このモンスターは効果で破壊されない ④アスリート
A5: =Data!A5 -> 104 | B5: ①召喚時、相手プレイヤーか相手モンスター1体に2ダメージ。 ②ターン終了時、山札の上から3枚を見てスペルを1枚手札に加える。 ③アスリート ④レベルアップ
A6: =Data!A6 -> 105 | B6: ①ターン開始時、相手のすべてのモンスターに1ダメージ与える。 ②ターン終了時、相手のランダムなモンスターに3ダメージ与える。 ③アスリート ④レベルアップ
A7: =Data!A7 -> 106 | B7: ①ターン開始時、自分のモンスターを1体選ぶ。このターンそのモンスターのatkを+3する。 ②対応役成立時、カードを1枚引く。 ③このモンスターは効果で破壊されない。 ④アスリート
A8: =Data!A8 -> 107 | B8: ①ターゲット集中
A9: =Data!A9 -> 108 | B9: ①召喚時ランダムな敵に2ダメージ ②アスリート
A10: =Data!A10 -> 109 | B10: ①ターン終了時、カードを1枚引く。
A11: =Data!A11 -> 110 | B11: ①召喚時デッキの上から3枚を見て、その中から「ロボ」モンスターを全て手札に加える。(この効果は各ターン1度しか発動しない。)
A12: =Data!A12 -> 111 | B12: ①召喚時、自分のモンスターのHPを全回復する。 ②対応役成立時、このターンこのモンスターのatkを+5する。 ③このモンスターは効果で破壊されない ④アスリート
A13: =Data!A13 -> 112 | B13: ①相手のターン中このモンスターのatkは∞になる。 ②このモンスターは離れない。 ③アスリート ④反撃
... A23: =Data!A23 -> 122 | B23: 相手のすべてのモンスターに2ダメージを与える

Sheet Status
A1: cardID | B1: SIZE | C1: ATK | D1: HP
A2: =Data!A2 -> 101 | B2: 2 | C2: 4 | D2: 11
A3: =Data!A3 -> 102 | B3: 2 | C3: 6 | D3: 14
A4: =Data!A4 -> 103 | B4: 2 | C4: 8 | D4: 17
A5: =Data!A5 -> 104 | B5: 2 | C5: 5 | D5: 10
A6: =Data!A6 -> 105 | B6: 2 | C6: 8 | D6: 12
A7: =Data!A7 -> 106 | B7: 2 | C7: 10 | D7: 15
A8: =Data!A8 -> 107 | B8: 2 | C8: 2 | D8: 4
A9: =Data!A9 -> 108 | B9: 2 | C9: 6 | D9: 10
A10: =Data!A10 -> 109 | B10: 2 | C10: 4 | D10: 10
A11: =Data!A11 -> 110 | B11: 1 | C11: 3 | D11: 8
A12: =Data!A12 -> 111 | B12: 4 | C12: 10 | D12: 30
A13: =Data!A13 -> 112 | B13: 6 | C13: 20 | D13: 0
... A23: =Data!A23 -> 122 | B23: -1 | C23: -1 | D23: -1

Sheet Race
A1: ID | B1: 種族
A2: -1 | B2: なし
A3: 1 | B3: ロボ
A4: 2 | B4: 戦士
A5: 3 | B5: 人

Sheet Koyaku
A1: ID | B1: Koyaku
A2: 0 | B2: NULL
A3: 1 | B3: ハズレ
A4: 2 | B4: リプレイ
A5: 3 | B5: チェリー
A6: 4 | B6: ベル
A7: 5 | B7: スイカ
A8: 6 | B8: 全て
A9: 7 | B9: チェリー/スイカ
